<problem attempts_before_showanswer_button="0" display_name="Thẻ tạo ô chọn" max_attempts="3" showanswer="after_all_attempts_or_correct" weight="1.0">
    <multiplechoiceresponse>
        <div>Thẻ nào được sử dụng để tạo một ô chọn trong HTML?</div>
        <choicegroup>
            <choice correct="true"><div>&lt;select&gt;</div></choice>
            <choice correct="false"><div>&lt;input&gt;</div></choice>
            <choice correct="false"><div>&lt;option&gt;</div></choice>
        </choicegroup>
        <solution>
            <div class="detailed-solution"><p>Thẻ &lt;select&gt; được sử dụng để tạo một ô chọn.</p></div>
        </solution>
    </multiplechoiceresponse>
</problem>