<problem attempts_before_showanswer_button="0" display_name="Thẻ vùng văn bản lớn" max_attempts="3" showanswer="after_all_attempts_or_correct" weight="1.0">
    <multiplechoiceresponse>
        <div>Thẻ nào được sử dụng để tạo một vùng văn bản nhập liệu lớn hơn trong HTML?</div>
        <choicegroup>
            <choice correct="true"><div>&lt;textarea&gt;</div></choice>
            <choice correct="false"><div>&lt;input&gt;</div></choice>
            <choice correct="false"><div>&lt;form&gt;</div></choice>
        </choicegroup>
        <solution>
            <div class="detailed-solution"><p>Thẻ &lt;textarea&gt; được sử dụng để tạo một vùng văn bản nhập liệu lớn hơn.</p></div>
        </solution>
    </multiplechoiceresponse>
</problem>