<problem attempts_before_showanswer_button="0" display_name="Thẻ định nghĩa đoạn văn" max_attempts="3" showanswer="after_all_attempts_or_correct" weight="1.0">
    <multiplechoiceresponse>
        <div>Thẻ nào được sử dụng để định nghĩa một đoạn văn bản trong HTML?</div>
        <choicegroup>
            <choice correct="true"><div>&lt;p&gt;</div></choice>
            <choice correct="false"><div>&lt;div&gt;</div></choice>
            <choice correct="false"><div>&lt;span&gt;</div></choice>
        </choicegroup>
        <solution>
            <div class="detailed-solution"><p>Thẻ &lt;p&gt; được sử dụng để định nghĩa đoạn văn trong HTML.</p></div>
        </solution>
    </multiplechoiceresponse>
</problem>