<problem attempts_before_showanswer_button="0" display_name="Thẻ tạo bảng" max_attempts="3" showanswer="after_all_attempts_or_correct" weight="1.0">
    <multiplechoiceresponse>
        <div>Thẻ nào được sử dụng để tạo bảng trong HTML?</div>
        <choicegroup>
            <choice correct="true"><div>&lt;table&gt;</div></choice>
            <choice correct="false"><div>&lt;grid&gt;</div></choice>
            <choice correct="false"><div>&lt;chart&gt;</div></choice>
        </choicegroup>
        <solution>
            <div class="detailed-solution"><p>Thẻ &lt;table&gt; được sử dụng để tạo bảng trong HTML.</p></div>
        </solution>
    </multiplechoiceresponse>
</problem>