<problem attempts_before_showanswer_button="0" display_name="Thẻ định nghĩa tiêu đề trong HTML" max_attempts="3" showanswer="after_all_attempts_or_correct" weight="1.0">
    <multiplechoiceresponse>
        <div>Thẻ nào được sử dụng để định nghĩa tiêu đề trong HTML?</div>
        <choicegroup>
            <choice correct="true"><div>&lt;title&gt;</div></choice>
            <choice correct="false"><div>&lt;head&gt;</div></choice>
            <choice correct="false"><div>&lt;header&gt;</div></choice>
        </choicegroup>
        <solution>
            <div class="detailed-solution"><p>Thẻ &lt;title&gt; được sử dụng để định nghĩa tiêu đề của tài liệu HTML.</p></div>
        </solution>
    </multiplechoiceresponse>
</problem>